id,date,mois,batiment,type_probleme,statut,campus
1,2024-01-05,Jan,Bât. A,Infrastructure,Résolu,Villetaneuse
2,2024-01-12,Jan,Bât. B,Électricité,Résolu,Villetaneuse
3,2024-01-18,Jan,Bât. H,Plomberie,Fermé,Villetaneuse
4,2024-01-25,Jan,Bât. C,Réseau,Ouvert,Villetaneuse
5,2024-02-03,Feb,Bât. A,Sécurité,Résolu,Villetaneuse
6,2024-02-08,Feb,Bât. D,Mobilier,En Cours,Villetaneuse
7,2024-02-14,Feb,Bât. H,Infrastructure,Résolu,Villetaneuse
8,2024-02-20,Feb,Bât. B,Électricité,Fermé,Villetaneuse
9,2024-02-27,Feb,Bât. C,Plomberie,Résolu,Villetaneuse
10,2024-03-04,Mar,Bât. A,Réseau,Ouvert,Villetaneuse
11,2024-03-10,Mar,Bât. H,Infrastructure,Résolu,Villetaneuse
12,2024-03-15,Mar,Bât. D,Sécurité,En Cours,Villetaneuse
13,2024-03-21,Mar,Bât. B,Mobilier,Résolu,Villetaneuse
14,2024-03-28,Mar,Bât. C,Électricité,Fermé,Villetaneuse
15,2024-04-02,Apr,Bât. A,Plomberie,Résolu,Villetaneuse
16,2024-04-09,Apr,Bât. H,Réseau,Ouvert,Villetaneuse
17,2024-04-15,Apr,Bât. D,Infrastructure,Résolu,Villetaneuse
18,2024-04-22,Apr,Bât. B,Sécurité,En Cours,Villetaneuse
19,2024-04-28,Apr,Bât. C,Mobilier,Résolu,Villetaneuse
20,2024-05-05,Maj,Bât. A,Électricité,Fermé,Villetaneuse
21,2024-05-11,Maj,Bât. H,Plomberie,Résolu,Villetaneuse
22,2024-05-17,Maj,Bât. D,Réseau,Ouvert,Villetaneuse
23,2024-05-23,Maj,Bât. B,Infrastructure,Résolu,Villetaneuse
24,2024-05-29,Maj,Bât. C,Sécurité,En Cours,Villetaneuse
25,2024-06-04,Jun,Bât. A,Mobilier,Résolu,Villetaneuse
26,2024-06-10,Jun,Bât. H,Électricité,Fermé,Villetaneuse
27,2024-06-16,Jun,Bât. D,Plomberie,Résolu,Villetaneuse
28,2024-06-22,Jun,Bât. B,Réseau,Ouvert,Villetaneuse
29,2024-06-28,Jun,Bât. C,Infrastructure,Résolu,Villetaneuse
30,2024-07-04,Jul,Bât. A,Sécurité,En Cours,Villetaneuse
31,2024-07-10,Jul,Bât. H,Mobilier,Résolu,Villetaneuse
32,2024-07-16,Jul,Bât. D,Électricité,Fermé,Villetaneuse
33,2024-07-22,Jul,Bât. B,Plomberie,Résolu,Villetaneuse
34,2024-07-28,Jul,Bât. C,Réseau,Ouvert,Villetaneuse
35,2024-08-03,Aug,Bât. A,Infrastructure,Résolu,Villetaneuse
36,2024-08-09,Aug,Bât. H,Sécurité,En Cours,Villetaneuse
37,2024-08-15,Aug,Bât. D,Mobilier,Résolu,Villetaneuse
38,2024-08-21,Aug,Bât. B,Électricité,Fermé,Villetaneuse
39,2024-08-27,Aug,Bât. C,Plomberie,Résolu,Villetaneuse
40,2024-09-02,Sep,Bât. A,Réseau,Ouvert,Villetaneuse
41,2024-09-08,Sep,Bât. H,Infrastructure,Résolu,Villetaneuse
42,2024-09-14,Sep,Bât. D,Sécurité,En Cours,Villetaneuse
43,2024-09-20,Sep,Bât. B,Mobilier,Résolu,Villetaneuse
44,2024-09-26,Sep,Bât. C,Électricité,Fermé,Villetaneuse
45,2024-10-02,Oct,Bât. A,Plomberie,Résolu,Villetaneuse
46,2024-10-08,Oct,Bât. H,Réseau,Ouvert,Villetaneuse
47,2024-10-14,Oct,Bât. D,Infrastructure,Résolu,Villetaneuse
48,2024-10-20,Oct,Bât. B,Sécurité,En Cours,Villetaneuse
49,2024-10-26,Oct,Bât. C,Mobilier,Résolu,Villetaneuse
50,2024-11-01,Nov,Bât. A,Électricité,Fermé,Villetaneuse
51,2024-11-07,Nov,Bât. H,Plomberie,Résolu,Villetaneuse
52,2024-11-13,Nov,Bât. D,Réseau,Ouvert,Villetaneuse
53,2024-11-19,Nov,Bât. B,Infrastructure,Résolu,Villetaneuse
54,2024-11-25,Nov,Bât. C,Sécurité,En Cours,Villetaneuse
55,2024-12-01,Dec,Bât. A,Mobilier,Résolu,Villetaneuse
56,2024-12-07,Dec,Bât. H,Électricité,Fermé,Villetaneuse
57,2024-12-13,Dec,Bât. D,Plomberie,Résolu,Villetaneuse
58,2024-12-19,Dec,Bât. B,Réseau,Ouvert,Villetaneuse
59,2024-12-25,Dec,Bât. C,Infrastructure,Résolu,Villetaneuse
60,2024-12-30,Dec,Bât. A,Sécurité,En Cours,Villetaneuse
